ticker,approx_date,category,reported_move,source_url,ipo_price,notes
PHUN,2021-10-22,extreme,"+471% close, +1099% intraday (DWAC/Trump SPAC sympathy)",https://www.fool.com/investing/2021/10/22/why-digital-world-acquisition-and-phunware-soared/,,
TOP,2023-04-28,extreme,"+600% to +1100% in one session, no news",https://www.fool.com/investing/2023/04/28/top-financial-group-has-blasted-more-than-600-high/,,Ticker is an English word: social search uses cashtag only
MEGL,2022-08-05,extreme,"+2000% on IPO debut vs $4 IPO price",https://investorplace.com/2022/08/why-is-magic-empire-global-megl-stock-up-2000-today/,4.00,IPO debut: no pre-pump trading history
ATXG,2022-08-31,extreme,"~+2000% on first days of trading vs $5 IPO price",https://investorplace.com/2022/09/what-is-going-on-with-addentax-atxg-stock-today/,5.00,IPO debut; exact first trading date unverified
LFIN,2017-12-18,extreme,"up to +2,400% from float price after Ziddu blockchain deal",https://www.cnbc.com/2017/12/18/small-cap-longfin-soars-2000-percent-after-acquiring-blockchain-company.html,5.00,Delisted 2019; needs a provider with delisted history
AMAM,2022-12-01,extreme,"~+1000% in one session after ARX788 trial data",https://www.nasdaq.com/articles/meet-the-biotech-stock-that-jumped-over-1000-in-one-day,,Legitimate catalyst (clinical data) - useful contrast to manipulation; acquired 2024; date approximate
NMAX,2025-03-31,extreme,"+735% first-day gain vs IPO price",https://site.warrington.ufl.edu/ritter/files/IPOs-doubling-on-the-first-day.pdf,10.00,IPO debut (Reg A); IPO price from memory - verify
QMMM,2025-09-09,extreme,"~+1700% in a single session ($12 to $207)",https://www.mexc.com/news/92280,,Date approximate; Nasdaq delisting notice 2026
HKD,2022-08-02,extreme,"+1500% over 5 sessions, +21000% from IPO",https://www.cbsnews.com/news/amtd-meme-stock-21000-percent-surge/,7.80,Multi-day run; IPO July 2022
KODK,2020-07-29,extreme,"+203% then +318% (~+1440% over two days) on $765M govt loan",https://www.forbes.com/sites/naeemaslam/2020/07/29/kodak-stock-price-up-over-1440-in-two-days/,,Multi-day run
KOSS,2021-01-27,extreme,"+1000% over three days during meme squeeze",https://urbanmilwaukee.com/2021/01/27/koss-stock-up-over-1000-in-three-days/,,Multi-day run
HOLO,2024-02-16,extreme,"reported +600% in a session in Feb 2024 (unconfirmed)",https://investorplace.com/2024/02/microcloud-hologram-holo-stock-pops-another-10-in-speculative-rally/,,Move size unconfirmed
NUKK,2024-12-19,extreme,"all-time-high close $52.10 around private placement news",https://www.macrotrends.net/stocks/charts/NUKK/nukkleus/stock-price-history,,Move size unconfirmed
GME,2021-01-27,famous_squeeze,"+135% (best day); +600% over the week",https://en.wikipedia.org/wiki/R/wallstreetbets,,Below the single-day 5x bar
AMC,2021-01-27,famous_squeeze,"~+300% in the January 2021 squeeze",https://www.business-standard.com/article/international/free-tickets-and-popcorn-as-amc-jumps-1-400-in-meme-stock-rally-121060201616_1.html,,Below the single-day 5x bar
AMC,2021-06-02,famous_squeeze,"second squeeze, ~+95% day",https://fortune.com/2021/05/18/amc-stock-meme-surge-reddit-twitter,,Below the single-day 5x bar; move size from memory
DWAC,2021-10-21,famous_squeeze,"+357% then +107% on Trump Media merger news",https://www.fool.com/investing/2021/10/22/why-digital-world-acquisition-and-phunware-soared/,,SPAC; now DJT
BB,2021-01-27,famous_squeeze,"meme rally with GME/AMC",https://github.com/shaunwolf/piptrack/blob/main/attached_assets/pumped_stock_cases_1749923665803.csv,,From earlier project notes - verify
BBBY,2021-01-27,famous_squeeze,"meme rally with GME/AMC",https://github.com/shaunwolf/piptrack/blob/main/attached_assets/pumped_stock_cases_1749923665803.csv,,Bankrupt 2023; delisted
EXPR,2021-01-27,famous_squeeze,"meme rally with GME/AMC",https://github.com/shaunwolf/piptrack/blob/main/attached_assets/pumped_stock_cases_1749923665803.csv,,Bankrupt 2024; delisted
NOK,2021-01-27,famous_squeeze,"WSB mentions, breakout volume",https://github.com/shaunwolf/piptrack/blob/main/attached_assets/pumped_stock_cases_1749923665803.csv,,Large cap - useful contrast
SPCE,2021-01-26,famous_squeeze,"meme surge plus test flight news",https://github.com/shaunwolf/piptrack/blob/main/attached_assets/pumped_stock_cases_1749923665803.csv,,
CLOV,2021-06-09,famous_squeeze,"meme squeeze (from memory)",,,No source yet - verify
MMAT,2021-06-28,famous_squeeze,"TRCH merger squeeze (from memory)",,,No source yet - verify
IRNT,2021-09-16,famous_squeeze,"de-SPAC low-float squeeze (from memory)",,,No source yet - verify
SPRT,2021-08-27,famous_squeeze,"short squeeze (from memory)",,,No source yet - verify; merged into Greenidge
