id,ticker,category,event_type,pump_date,qualifies,meets_strict,meets_broad,close_multiple,high_multiple,run_multiple,run_days,prev_close,day_high,window_return,avg_volume_ratio,max_volume_ratio,volatility_ratio,rsi_14,last_close,filings_total,filings_offering,news_articles,reddit_mentions,reddit_mention_acceleration,reddit_avg_sentiment,source_statuses,reported_move,source_url
PHUN_2021-10-22,PHUN,extreme,multi_day_run,2021-10-21,True,True,True,5.712,15.712,8.569,4,76.5,1202.0,0.1797752808988764,1.2077603868510574,2.5405740103297645,0.8531276213531708,62.91053112665022,52.5,,,,,,,yahoo_prices=ok; sec_filings=error; polygon_news=needs_key; gdelt_news=skipped; reddit=error; reddit_arctic_shift=partial,"+471% close, +1099% intraday (DWAC/Trump SPAC sympathy)",https://www.fool.com/investing/2021/10/22/why-digital-world-acquisition-and-phunware-soared/
TOP_2023-04-28,TOP,extreme,multi_day_run,2023-04-27,True,True,True,5.41,12.822,17.286,5,100.0,1282.199951171875,0.48344366622560453,4.519631873468066,7.290385237941082,0.965100912822593,63.23404219643881,33.599998474121094,,,,,,,yahoo_prices=ok; sec_filings=error; polygon_news=needs_key; gdelt_news=skipped; reddit=error; reddit_arctic_shift=partial,"+600% to +1100% in one session, no news",https://www.fool.com/investing/2023/04/28/top-financial-group-has-blasted-more-than-600-high/
MEGL_2022-08-05,MEGL,extreme,ipo_debut,2022-08-05,True,True,True,24.007,58.398,28.958,2,4.0,233.59049400943093,,,,,,,,,,,,,yahoo_prices=ok; sec_filings=skipped; polygon_news=skipped; gdelt_news=skipped; reddit=skipped; reddit_arctic_shift=skipped,+2000% on IPO debut vs $4 IPO price,https://investorplace.com/2022/08/why-is-magic-empire-global-megl-stock-up-2000-today/
ATXG_2022-08-31,ATXG,extreme,single_day,2022-08-31,True,True,True,87.539,87.539,87.539,5,1125.0,98481.0,0.0,,,,100.0,1125.0,,,,,,,yahoo_prices=ok; sec_filings=error; polygon_news=needs_key; gdelt_news=skipped; reddit=error; reddit_arctic_shift=partial,~+2000% on first days of trading vs $5 IPO price,https://investorplace.com/2022/09/what-is-going-on-with-addentax-atxg-stock-today/
LFIN_2017-12-18,LFIN,extreme,multi_day_run,2017-12-15,True,False,True,3.289,6.489,14.476,4,22.010000228881836,142.82000732421875,,,,,,,,,,,,,yahoo_prices=ok; sec_filings=error; polygon_news=needs_key; gdelt_news=skipped; reddit=error; reddit_arctic_shift=error,"up to +2,400% from float price after Ziddu blockchain deal",https://www.cnbc.com/2017/12/18/small-cap-longfin-soars-2000-percent-after-acquiring-blockchain-company.html
AMAM_2022-12-01,AMAM,extreme,single_day,2022-12-09,True,True,True,11.076,11.076,11.076,1,0.4099,4.54,-0.17191919191919192,18.087749592250287,58.387720555528105,1.3156724051352986,21.82937201966881,0.4099,,,,,,,yahoo_prices=no_data; hf_ohlcv_1m=ok; sec_filings=error; polygon_news=needs_key; gdelt_news=skipped; reddit=error; reddit_arctic_shift=partial,~+1000% in one session after ARX788 trial data,https://www.nasdaq.com/articles/meet-the-biotech-stock-that-jumped-over-1000-in-one-day
NMAX_2025-03-31,NMAX,extreme,ipo_debut,2025-03-31,True,True,True,8.351,8.351,23.3,2,10.0,83.51000213623047,,,,,,,,,,,,,yahoo_prices=ok; sec_filings=skipped; polygon_news=skipped; gdelt_news=skipped; reddit=skipped; reddit_arctic_shift=skipped,+735% first-day gain vs IPO price,https://site.warrington.ufl.edu/ritter/files/IPOs-doubling-on-the-first-day.pdf
QMMM_2025-09-09,QMMM,extreme,multi_day_run,2025-09-08,True,True,True,22.425,26.622,38.856,5,11.28,300.3,1.0485175202156332,0.4719711342568866,0.8493917733375778,2.2789421088015294,85.43238342275875,7.6,,,,,,,yahoo_prices=no_data; hf_ohlcv_1m=ok; sec_filings=error; polygon_news=needs_key; gdelt_news=skipped; reddit=error; reddit_arctic_shift=partial,~+1700% in a single session ($12 to $207),https://www.mexc.com/news/92280
HKD_2022-08-02,HKD,extreme,multi_day_run,2022-07-22,True,False,True,3.346,3.493,29.817,5,20.31999969482422,70.9800033569336,,,,,,,,,,,,,yahoo_prices=ok; sec_filings=error; polygon_news=needs_key; gdelt_news=skipped; reddit=error; reddit_arctic_shift=partial,"+1500% over 5 sessions, +21000% from IPO",https://www.cbsnews.com/news/amtd-meme-stock-21000-percent-surge/
KODK_2020-07-29,KODK,extreme,multi_day_run,2020-07-27,True,False,True,4.181,7.557,15.81,3,7.940000057220459,60.0,0.0,0.36560020979479446,0.7047793876614437,0.2875823229591226,42.74789192468618,2.0999999046325684,,,,,,,yahoo_prices=ok; sec_filings=error; polygon_news=needs_key; gdelt_news=skipped; reddit=error; reddit_arctic_shift=partial,+203% then +318% (~+1440% over two days) on $765M govt loan,https://www.forbes.com/sites/naeemaslam/2020/07/29/kodak-stock-price-up-over-1440-in-two-days/
KOSS_2021-01-27,KOSS,extreme,multi_day_run,2021-01-25,True,True,True,5.8,6.979,19.162,5,10.0,69.79000091552734,0.06031740096811555,0.5807156841418316,2.328148792690885,1.2472477544348906,57.002359108683315,3.3399999141693115,,,,,,,yahoo_prices=ok; sec_filings=error; polygon_news=needs_key; gdelt_news=skipped; reddit=error; reddit_arctic_shift=partial,+1000% over three days during meme squeeze,https://urbanmilwaukee.com/2021/01/27/koss-stock-up-over-1000-in-three-days/
HOLO_2024-02-16,HOLO,extreme,single_day,2024-02-07,True,True,True,11.921,12.344,19.007,2,1208.0,14912.0,-0.29439252336448596,0.5490612244897959,1.2,0.7215998317875203,26.908197530209947,1208.0,,,,1,1.6666666666666665,0.3612,yahoo_prices=ok; sec_filings=error; polygon_news=needs_key; gdelt_news=skipped; reddit=error; reddit_arctic_shift=partial,reported +600% in a session in Feb 2024 (unconfirmed),https://investorplace.com/2024/02/microcloud-hologram-holo-stock-pops-another-10-in-speculative-rally/
NUKK_2024-12-19,NUKK,extreme,single_day,2024-12-17,True,True,True,8.559,12.985,37.794,3,1.36,17.66,-0.17575757575757567,0.07220009824458054,0.18484410608627425,0.6073380421873656,35.69137896207211,1.36,,,,,,,yahoo_prices=no_data; hf_ohlcv_1m=ok; sec_filings=error; polygon_news=needs_key; gdelt_news=skipped; reddit=error; reddit_arctic_shift=partial,all-time-high close $52.10 around private placement news,https://www.macrotrends.net/stocks/charts/NUKK/nukkleus/stock-price-history
GME_2021-01-27,GME,famous_squeeze,multi_day_run,2021-01-26,True,False,True,2.348,2.568,8.883,5,36.994998931884766,95.0,3.3408704690363145,8.47485715830374,19.738825209018923,3.424369069856829,90.5694464888475,19.197500228881836,,,,28,3.222222222222222,0.20128928571428567,yahoo_prices=ok; sec_filings=error; polygon_news=needs_key; gdelt_news=skipped; reddit=error; reddit_arctic_shift=partial,+135% (best day); +600% over the week,https://en.wikipedia.org/wiki/R/wallstreetbets
AMC_2021-01-27,AMC,famous_squeeze,multi_day_run,2021-01-21,True,False,True,4.012,4.105,6.7,5,49.599998474121094,203.60000610351562,0.5000000963307427,3.7848786133818426,10.632256729777719,1.0323297120986157,58.811427576699785,29.700000762939453,,,,9,1.9090909090909092,0.12915555555555555,yahoo_prices=ok; sec_filings=error; polygon_news=needs_key; gdelt_news=skipped; reddit=error; reddit_arctic_shift=partial,~+300% in the January 2021 squeeze,https://www.business-standard.com/article/international/free-tickets-and-popcorn-as-amc-jumps-1-400-in-meme-stock-rally-121060201616_1.html
AMC_2021-06-02,AMC,famous_squeeze,multi_day_run,2021-06-01,False,False,False,1.952,2.267,3.812,5,320.3999938964844,726.2000122070312,1.0123267031270995,2.7595106798701132,7.465341711068582,1.6197625251643732,84.92390217296607,261.20001220703125,,,,377,74.76811594202898,0.06231936339522547,yahoo_prices=ok; sec_filings=error; polygon_news=needs_key; gdelt_news=skipped; reddit=error; reddit_arctic_shift=partial,"second squeeze, ~+95% day",https://fortune.com/2021/05/18/amc-stock-meme-surge-reddit-twitter
DWAC_2021-10-21,DWAC,famous_squeeze,single_day,2021-10-21,True,False,True,4.568,5.221,9.458,5,9.960000038146973,52.0,0.004032254188043316,1.4569172331067572,6.9762095161935225,2.197850441259376,40.148079898716546,9.960000038146973,,,,,,,yahoo_prices=ok; sec_filings=error; polygon_news=needs_key; gdelt_news=skipped; reddit=error; reddit_arctic_shift=partial,+357% then +107% on Trump Media merger news,https://www.fool.com/investing/2021/10/22/why-digital-world-acquisition-and-phunware-soared/
BB_2021-01-27,BB,famous_squeeze,multi_day_run,2021-01-21,False,False,False,1.327,1.521,1.962,5,18.920000076293945,28.770000457763672,0.889217134104429,3.062425225105842,8.688082246548401,2.094327326057203,87.24781385197832,12.789999961853027,,,,3,2.333333333333333,0.0,yahoo_prices=ok; sec_filings=error; polygon_news=needs_key; gdelt_news=skipped; reddit=error; reddit_arctic_shift=partial,meme rally with GME/AMC,https://github.com/shaunwolf/piptrack/blob/main/attached_assets/pumped_stock_cases_1749923665803.csv
BBBY_2021-01-27,BBBY,famous_squeeze,multi_day_run,2021-01-21,False,False,False,1.016,1.58,2.118,5,30.21,47.73,0.2646761133603237,2.172340201981454,4.985680039967847,2.3441846706097254,64.54310213806389,24.99,,,,67,1.7272727272727273,0.2515238805970149,yahoo_prices=no_data; hf_ohlcv_1m=ok; sec_filings=error; polygon_news=needs_key; gdelt_news=skipped; reddit=error; reddit_arctic_shift=partial,meme rally with GME/AMC,https://github.com/shaunwolf/piptrack/blob/main/attached_assets/pumped_stock_cases_1749923665803.csv
EXPR_2021-01-27,EXPR,famous_squeeze,multi_day_run,2021-01-21,True,False,True,3.176,4.603,8.303,5,3.035,13.97,0.19938016528925617,1.1732693945974584,6.363144268028386,0.894739121918581,55.94972095718889,1.161,,,,6,1.2564102564102562,-0.18930000000000002,yahoo_prices=no_data; hf_ohlcv_1m=ok; sec_filings=error; polygon_news=needs_key; gdelt_news=skipped; reddit=error; reddit_arctic_shift=partial,meme rally with GME/AMC,https://github.com/shaunwolf/piptrack/blob/main/attached_assets/pumped_stock_cases_1749923665803.csv
NOK_2021-01-27,NOK,famous_squeeze,multi_day_run,2021-01-21,False,False,False,1.385,2.07,1.56,5,4.248820781707764,8.794070733898673,0.03960400723018509,1.2815841559074237,3.001510761640503,0.6587398715751577,63.03778392823109,3.7727372646331787,,,,4,3.6666666666666665,0.0,yahoo_prices=ok; sec_filings=error; polygon_news=needs_key; gdelt_news=skipped; reddit=error; reddit_arctic_shift=partial,"WSB mentions, breakout volume",https://github.com/shaunwolf/piptrack/blob/main/attached_assets/pumped_stock_cases_1749923665803.csv
SPCE_2021-01-26,SPCE,famous_squeeze,multi_day_run,2021-01-26,False,False,False,1.102,1.413,1.494,5,841.0,1188.5999755859375,0.42743855811338927,1.3889746025162608,3.9921036018437146,1.3285184178510576,72.48956982341642,720.0,,,,7,2.851851851851852,0.3921571428571428,yahoo_prices=ok; sec_filings=error; polygon_news=needs_key; gdelt_news=skipped; reddit=error; reddit_arctic_shift=partial,meme surge plus test flight news,https://github.com/shaunwolf/piptrack/blob/main/attached_assets/pumped_stock_cases_1749923665803.csv
CLOV_2021-06-09,CLOV,famous_squeeze,multi_day_run,2021-06-07,False,False,False,1.858,2.091,2.865,5,11.920000076293945,24.93000030517578,0.26227206950132187,0.7622768810196899,2.05310473305498,0.672272857405928,61.273115245880525,9.0,,,,22,7.518518518518519,0.27529090909090903,yahoo_prices=ok; sec_filings=error; polygon_news=needs_key; gdelt_news=skipped; reddit=error; reddit_arctic_shift=partial,meme squeeze (from memory),
MMAT_2021-06-28,MMAT,famous_squeeze,multi_day_run,2021-07-06,False,False,False,1.064,1.186,1.084,2,6.74,7.995,,,,,,,,,,1,0.5,0.0258,yahoo_prices=no_data; hf_ohlcv_1m=ok; sec_filings=error; polygon_news=needs_key; gdelt_news=skipped; reddit=error; reddit_arctic_shift=partial,TRCH merger squeeze (from memory),
IRNT_2021-09-16,IRNT,famous_squeeze,multi_day_run,2021-09-03,False,False,False,1.191,1.814,2.391,5,16.52,29.96,,,,,,,,,,3,1.1666666666666665,0.7929,yahoo_prices=no_data; hf_ohlcv_1m=ok; sec_filings=error; polygon_news=needs_key; gdelt_news=skipped; reddit=error; reddit_arctic_shift=partial,de-SPAC low-float squeeze (from memory),
SPRT_2021-08-27,SPRT,famous_squeeze,multi_day_run,2021-08-26,False,False,False,1.342,3.033,3.259,5,19.65,59.59,0.9523141654978962,7.702875914865604,20.915855713496914,1.1620331964491966,82.23826551665168,13.92,,,,6,1.6153846153846154,0.3845166666666666,yahoo_prices=no_data; hf_ohlcv_1m=ok; sec_filings=error; polygon_news=needs_key; gdelt_news=skipped; reddit=error; reddit_arctic_shift=partial,short squeeze (from memory),
